Date,Product Name,Category,Material,Total Emissions (kgCOâ‚‚e)
2020-10-02,Slip-On Sneakers,Shoes,Canvas,558.6
2020-05-09,Running Shoes,Shoes,Synthetic,152.0
2022-10-11,Tank Top,T-shirt,Cotton,109.8
2023-08-27,Knitted Sweater,Sweater,Wool,162.0
2020-07-11,Formal Shirt,Shirt,Cotton,15.6
2024-09-07,Knitted Sweater,Sweater,Wool,336.0
2023-05-29,Basic T-shirt,T-shirt,Cotton,189.0
2022-07-01,Running Shoes,Shoes,Synthetic,883.5
2024-06-30,Chino Pants,Pants,Cotton,357.2
2020-07-28,Summer Dress,Dress,Linen,13.2
2020-02-15,Basic T-shirt,T-shirt,Cotton,176.4
2023-01-13,Basic T-shirt,T-shirt,Cotton,102.9
2023-11-06,Printed T-shirt,T-shirt,Organic Cotton,104.5
2024-01-26,Basic T-shirt,T-shirt,Cotton,142.8
2021-03-30,Tank Top,T-shirt,Cotton,115.2
2023-02-06,Chino Pants,Pants,Cotton,211.5
2021-04-17,Chino Pants,Pants,Cotton,460.6
2022-07-30,Leather Boots,Shoes,Leather,33.0
2022-05-02,Zip Hoodie,Sweatshirt,Cotton,373.5
2020-07-23,Denim Jacket,Jacket,Denim,631.8
2024-01-22,Leather Boots,Shoes,Leather,176.0
2024-03-01,Summer Dress,Dress,Linen,306.9
2023-12-27,Tracksuit Pants,Pants,Polyester,346.5
2022-11-05,Printed T-shirt,T-shirt,Organic Cotton,74.1
2021-08-04,Slip-On Sneakers,Shoes,Canvas,364.8
2024-09-29,Tracksuit Pants,Pants,Polyester,321.3
2023-04-21,Slim Fit Jeans,Jeans,Denim,403.0
2021-05-12,Knitted Sweater,Sweater,Wool,324.0
2023-09-23,Denim Jacket,Jacket,Denim,366.6
2023-01-28,Winter Coat,Jacket,Wool,122.4
2022-06-17,Tracksuit Pants,Pants,Polyester,88.2
2024-05-13,Denim Jacket,Jacket,Denim,522.6
2024-09-16,Knitted Sweater,Sweater,Wool,288.0
2022-09-29,Basic T-shirt,T-shirt,Cotton,128.1
2020-03-30,Leather Boots,Shoes,Leather,1001.0
2024-10-03,Shorts,Shorts,Denim,266.0
2023-03-30,Knitted Sweater,Sweater,Wool,498.0
2020-12-14,Denim Jacket,Jacket,Denim,507.0
2021-04-09,Basic T-shirt,T-shirt,Cotton,207.9
2021-02-12,Zip Hoodie,Sweatshirt,Cotton,319.5
2021-04-20,Knitted Sweater,Sweater,Wool,396.0
2021-12-05,Slip-On Sneakers,Shoes,Canvas,262.2
2022-07-29,Running Shoes,Shoes,Synthetic,807.5
2023-01-27,Shorts,Shorts,Denim,329.0
2020-01-12,Knitted Sweater,Sweater,Wool,570.0
2022-11-15,Cargo Pants,Pants,Cotton,341.7
2024-05-11,Zip Hoodie,Sweatshirt,Cotton,121.5
2022-05-22,Slim Fit Jeans,Jeans,Denim,403.0
2024-11-16,Winter Coat,Jacket,Wool,744.6
2023-02-09,Printed T-shirt,T-shirt,Organic Cotton,123.5
2022-04-26,Formal Shirt,Shirt,Cotton,179.4
2022-04-28,Winter Coat,Jacket,Wool,10.2
2023-01-07,Zip Hoodie,Sweatshirt,Cotton,360.0
2024-05-29,Shorts,Shorts,Denim,150.5
2022-07-27,Shorts,Shorts,Denim,14.0
2024-07-05,Chino Pants,Pants,Cotton,385.4
2020-12-28,Zip Hoodie,Sweatshirt,Cotton,337.5
2021-01-05,Oversized Hoodie,Sweatshirt,Cotton,298.2
2024-06-20,Running Shoes,Shoes,Synthetic,47.5
2024-09-19,Oversized Hoodie,Sweatshirt,Cotton,46.2
2024-11-12,Basic T-shirt,T-shirt,Cotton,121.8
2020-01-30,Running Shoes,Shoes,Synthetic,304.0
2021-07-04,Light Jacket,Jacket,Polyester,712.0
2021-01-13,Winter Coat,Jacket,Wool,387.6
2020-05-22,Denim Jacket,Jacket,Denim,163.8
2021-06-06,Tracksuit Pants,Pants,Polyester,138.6
2023-09-06,Running Shoes,Shoes,Synthetic,788.5
2023-12-28,Leather Boots,Shoes,Leather,649.0
2023-12-09,Summer Dress,Dress,Linen,211.2
2022-08-28,Light Jacket,Jacket,Polyester,35.6
2021-09-30,Knitted Sweater,Sweater,Wool,264.0
2022-05-12,Printed T-shirt,T-shirt,Organic Cotton,64.6
2020-08-10,Running Shoes,Shoes,Synthetic,893.0
2022-11-10,Printed T-shirt,T-shirt,Organic Cotton,148.2
2022-06-03,Basic T-shirt,T-shirt,Cotton,60.9
2020-02-06,Knitted Sweater,Sweater,Wool,114.0
2020-03-13,Denim Jacket,Jacket,Denim,452.4
2023-12-14,Tracksuit Pants,Pants,Polyester,548.1
2022-05-23,Zip Hoodie,Sweatshirt,Cotton,130.5
2023-07-15,Tracksuit Pants,Pants,Polyester,365.4
2021-04-02,Tracksuit Pants,Pants,Polyester,529.2
2020-03-03,Knitted Sweater,Sweater,Wool,522.0
2023-03-25,Summer Dress,Dress,Linen,280.5
2023-07-16,Raincoat,Jacket,Polyester,59.2
2024-02-19,Leather Boots,Shoes,Leather,187.0
2021-03-10,Slim Fit Jeans,Jeans,Denim,260.0
2020-05-24,Oversized Hoodie,Sweatshirt,Cotton,168.0
2021-09-02,Denim Jacket,Jacket,Denim,421.2
2023-03-02,Running Shoes,Shoes,Synthetic,161.5
2020-01-18,Zip Hoodie,Sweatshirt,Cotton,22.5
2023-04-24,Printed T-shirt,T-shirt,Organic Cotton,138.7
2022-08-01,Denim Jacket,Jacket,Denim,780.0
2023-12-12,Shorts,Shorts,Denim,231.0
2020-03-17,Knitted Sweater,Sweater,Wool,156.0
2021-12-11,Light Jacket,Jacket,Polyester,240.3
2023-03-20,Raincoat,Jacket,Polyester,562.4
2021-02-01,Formal Shirt,Shirt,Cotton,54.6
2023-09-25,Knitted Sweater,Sweater,Wool,228.0
2022-10-29,Formal Shirt,Shirt,Cotton,11.7
2021-10-28,Shorts,Shorts,Denim,182.0
2021-07-30,Basic T-shirt,T-shirt,Cotton,44.1
2021-02-15,Summer Dress,Dress,Linen,240.9
2024-05-21,Cargo Pants,Pants,Cotton,224.4
2022-05-29,Printed T-shirt,T-shirt,Organic Cotton,66.5
2023-10-13,Light Jacket,Jacket,Polyester,436.1
2023-01-26,Winter Coat,Jacket,Wool,897.6
2022-12-30,Formal Shirt,Shirt,Cotton,386.1
2022-12-26,Chino Pants,Pants,Cotton,42.3
2024-01-25,Slim Fit Jeans,Jeans,Denim,71.5
2020-09-29,Denim Jacket,Jacket,Denim,171.6
2023-01-07,Printed T-shirt,T-shirt,Organic Cotton,66.5
2024-04-03,Summer Dress,Dress,Linen,254.1
2022-11-02,Running Shoes,Shoes,Synthetic,456.0
2021-11-24,Summer Dress,Dress,Linen,49.5
2021-08-19,Chino Pants,Pants,Cotton,366.6
2024-05-15,Formal Shirt,Shirt,Cotton,70.2
2023-04-02,Zip Hoodie,Sweatshirt,Cotton,445.5
2020-08-01,Summer Dress,Dress,Linen,19.8
2022-04-12,Oversized Hoodie,Sweatshirt,Cotton,205.8
2024-11-08,Cargo Pants,Pants,Cotton,86.7
2021-11-29,Light Jacket,Jacket,Polyester,703.1
2023-04-18,Knitted Sweater,Sweater,Wool,60.0
2023-03-14,Zip Hoodie,Sweatshirt,Cotton,130.5
2023-03-05,Oversized Hoodie,Sweatshirt,Cotton,147.0
2022-01-17,Leather Boots,Shoes,Leather,803.0
2022-12-30,Light Jacket,Jacket,Polyester,525.1
2021-07-21,Light Jacket,Jacket,Polyester,53.4
2024-08-22,Leather Boots,Shoes,Leather,22.0
2023-06-10,Basic T-shirt,T-shirt,Cotton,25.2
2022-04-26,Light Jacket,Jacket,Polyester,53.4
2021-01-19,Chino Pants,Pants,Cotton,357.2
2022-05-12,Denim Jacket,Jacket,Denim,117.0
2022-07-12,Denim Jacket,Jacket,Denim,686.4
2021-05-09,Denim Jacket,Jacket,Denim,748.8
2024-09-26,Light Jacket,Jacket,Polyester,498.4
2022-02-13,Zip Hoodie,Sweatshirt,Cotton,171.0
2023-01-31,Running Shoes,Shoes,Synthetic,874.0
2022-09-03,Summer Dress,Dress,Linen,42.9
2021-03-01,Summer Dress,Dress,Linen,19.8
2020-02-25,Basic T-shirt,T-shirt,Cotton,79.8
2024-01-27,Shorts,Shorts,Denim,143.5
2022-07-10,Knitted Sweater,Sweater,Wool,246.0
2022-03-27,Oversized Hoodie,Sweatshirt,Cotton,37.8
2021-10-11,Shorts,Shorts,Denim,206.5
2020-08-16,Running Shoes,Shoes,Synthetic,266.0
2024-05-26,Shorts,Shorts,Denim,350.0
2024-12-30,Zip Hoodie,Sweatshirt,Cotton,400.5
2022-08-18,Winter Coat,Jacket,Wool,346.8
2021-01-10,Zip Hoodie,Sweatshirt,Cotton,121.5
2021-09-21,Printed T-shirt,T-shirt,Organic Cotton,60.8
2022-01-08,Oversized Hoodie,Sweatshirt,Cotton,151.2
2020-07-02,Tank Top,T-shirt,Cotton,21.6
2023-08-28,Slip-On Sneakers,Shoes,Canvas,473.1
2021-11-25,Chino Pants,Pants,Cotton,235.0
2021-09-20,Slim Fit Jeans,Jeans,Denim,273.0
2021-01-17,Summer Dress,Dress,Linen,247.5
2021-09-12,Chino Pants,Pants,Cotton,202.1
2020-07-25,Zip Hoodie,Sweatshirt,Cotton,355.5
2023-03-31,Shorts,Shorts,Denim,42.0
2021-05-16,Chino Pants,Pants,Cotton,14.1
2024-07-13,Chino Pants,Pants,Cotton,244.4
2020-05-28,Running Shoes,Shoes,Synthetic,674.5
2024-11-11,Oversized Hoodie,Sweatshirt,Cotton,394.8
2020-06-02,Basic T-shirt,T-shirt,Cotton,172.2
2020-01-21,Leather Boots,Shoes,Leather,1067.0
2024-06-10,Winter Coat,Jacket,Wool,652.8
2022-08-18,Cargo Pants,Pants,Cotton,66.3
2022-10-23,Summer Dress,Dress,Linen,33.0
2022-11-08,Denim Jacket,Jacket,Denim,179.4
2024-05-08,Cargo Pants,Pants,Cotton,96.9
2024-08-09,Summer Dress,Dress,Linen,132.0
2020-08-06,Tracksuit Pants,Pants,Polyester,491.4
2021-08-24,Cargo Pants,Pants,Cotton,137.7
2020-10-17,Zip Hoodie,Sweatshirt,Cotton,418.5
2020-03-06,Summer Dress,Dress,Linen,264.0
2024-07-04,Zip Hoodie,Sweatshirt,Cotton,432.0
2023-11-13,Printed T-shirt,T-shirt,Organic Cotton,43.7
2021-09-04,Raincoat,Jacket,Polyester,510.6
2020-11-19,Slim Fit Jeans,Jeans,Denim,598.0
2024-10-31,Chino Pants,Pants,Cotton,155.1
2024-05-11,Oversized Hoodie,Sweatshirt,Cotton,369.6
2022-07-03,Raincoat,Jacket,Polyester,525.4
2021-05-27,Zip Hoodie,Sweatshirt,Cotton,256.5
2024-10-09,Zip Hoodie,Sweatshirt,Cotton,265.5
2020-01-23,Knitted Sweater,Sweater,Wool,264.0
2020-12-17,Running Shoes,Shoes,Synthetic,598.5
2020-02-19,Raincoat,Jacket,Polyester,547.6
2020-02-08,Slim Fit Jeans,Jeans,Denim,578.5
2021-12-27,Slip-On Sneakers,Shoes,Canvas,102.6
2023-04-30,Cargo Pants,Pants,Cotton,91.8
2021-06-14,Running Shoes,Shoes,Synthetic,484.5
2023-03-01,Knitted Sweater,Sweater,Wool,138.0
2023-06-08,Oversized Hoodie,Sweatshirt,Cotton,126.0
2022-09-22,Basic T-shirt,T-shirt,Cotton,48.3
2022-12-18,Summer Dress,Dress,Linen,214.5
2023-08-21,Tank Top,T-shirt,Cotton,158.4
2023-08-01,Chino Pants,Pants,Cotton,145.7
2021-10-02,Formal Shirt,Shirt,Cotton,343.2
2022-09-07,Chino Pants,Pants,Cotton,432.4
2022-04-24,Summer Dress,Dress,Linen,237.6
2023-06-05,Running Shoes,Shoes,Synthetic,788.5
2021-03-25,Slim Fit Jeans,Jeans,Denim,65.0
2024-04-12,Tracksuit Pants,Pants,Polyester,522.9
2024-12-01,Winter Coat,Jacket,Wool,214.2
2022-11-13,Printed T-shirt,T-shirt,Organic Cotton,76.0
2021-09-03,Leather Boots,Shoes,Leather,781.0
2022-01-31,Denim Jacket,Jacket,Denim,702.0
2023-12-07,Tank Top,T-shirt,Cotton,138.6
2020-06-23,Light Jacket,Jacket,Polyester,694.2
2022-11-18,Slip-On Sneakers,Shoes,Canvas,279.3
2020-12-27,Cargo Pants,Pants,Cotton,168.3
2022-05-23,Printed T-shirt,T-shirt,Organic Cotton,138.7
2024-01-13,Slim Fit Jeans,Jeans,Denim,416.0
2023-10-27,Knitted Sweater,Sweater,Wool,552.0
2023-07-28,Winter Coat,Jacket,Wool,510.0
2022-11-20,Denim Jacket,Jacket,Denim,546.0
2024-02-03,Slim Fit Jeans,Jeans,Denim,442.0
2020-07-04,Running Shoes,Shoes,Synthetic,769.5
2020-07-25,Running Shoes,Shoes,Synthetic,902.5
2020-06-20,Cargo Pants,Pants,Cotton,510.0
2023-06-17,Oversized Hoodie,Sweatshirt,Cotton,239.4
2024-10-08,Chino Pants,Pants,Cotton,230.3
2024-07-01,Raincoat,Jacket,Polyester,377.4
2020-12-03,Summer Dress,Dress,Linen,188.1
2020-09-15,Shorts,Shorts,Denim,220.5
2021-03-10,Light Jacket,Jacket,Polyester,498.4
2023-05-15,Zip Hoodie,Sweatshirt,Cotton,238.5
2020-08-29,Leather Boots,Shoes,Leather,396.0
2021-05-23,Knitted Sweater,Sweater,Wool,576.0
2023-02-19,Basic T-shirt,T-shirt,Cotton,52.5
2022-12-18,Tank Top,T-shirt,Cotton,135.0
2020-02-13,Basic T-shirt,T-shirt,Cotton,170.1
2023-05-25,Chino Pants,Pants,Cotton,159.8
2021-02-27,Denim Jacket,Jacket,Denim,288.6
2020-10-30,Zip Hoodie,Sweatshirt,Cotton,117.0
2021-07-13,Leather Boots,Shoes,Leather,825.0
2024-03-31,Running Shoes,Shoes,Synthetic,836.0
2022-07-03,Denim Jacket,Jacket,Denim,546.0
2022-01-01,Formal Shirt,Shirt,Cotton,210.6
2024-10-18,Light Jacket,Jacket,Polyester,881.1
2021-03-03,Slip-On Sneakers,Shoes,Canvas,285.0
2021-02-23,Leather Boots,Shoes,Leather,154.0
2024-07-11,Basic T-shirt,T-shirt,Cotton,33.6
2023-03-11,Basic T-shirt,T-shirt,Cotton,147.0
2021-08-30,Cargo Pants,Pants,Cotton,51.0
2022-10-21,Winter Coat,Jacket,Wool,754.8
2024-07-07,Leather Boots,Shoes,Leather,616.0
2022-10-27,Winter Coat,Jacket,Wool,999.6
2022-12-18,Summer Dress,Dress,Linen,3.3
2020-09-10,Tank Top,T-shirt,Cotton,165.6
2022-07-09,Winter Coat,Jacket,Wool,408.0
2023-01-09,Knitted Sweater,Sweater,Wool,264.0
2024-05-22,Slip-On Sneakers,Shoes,Canvas,364.8
2020-08-19,Knitted Sweater,Sweater,Wool,294.0
2021-02-21,Zip Hoodie,Sweatshirt,Cotton,4.5
2021-07-22,Shorts,Shorts,Denim,325.5
2024-12-10,Tracksuit Pants,Pants,Polyester,163.8
2022-08-03,Shorts,Shorts,Denim,234.5
2022-04-17,Leather Boots,Shoes,Leather,990.0
2020-12-14,Tank Top,T-shirt,Cotton,144.0
2023-10-01,Tracksuit Pants,Pants,Polyester,163.8
2022-01-06,Tracksuit Pants,Pants,Polyester,6.3
2023-10-21,Knitted Sweater,Sweater,Wool,450.0
2022-05-22,Knitted Sweater,Sweater,Wool,264.0
2024-10-29,Shorts,Shorts,Denim,262.5
2024-02-11,Oversized Hoodie,Sweatshirt,Cotton,268.8
2024-03-07,Chino Pants,Pants,Cotton,385.4
2023-08-21,Leather Boots,Shoes,Leather,891.0
2020-02-12,Raincoat,Jacket,Polyester,688.2
2023-07-12,Cargo Pants,Pants,Cotton,418.2
2024-05-14,Knitted Sweater,Sweater,Wool,210.0
2024-09-29,Denim Jacket,Jacket,Denim,772.2
2020-05-30,Shorts,Shorts,Denim,7.0
2021-12-16,Running Shoes,Shoes,Synthetic,864.5
2022-04-22,Zip Hoodie,Sweatshirt,Cotton,175.5
2020-11-07,Tank Top,T-shirt,Cotton,61.2
2022-09-19,Denim Jacket,Jacket,Denim,468.0
2022-11-11,Slim Fit Jeans,Jeans,Denim,227.5
2022-11-11,Light Jacket,Jacket,Polyester,854.4
2023-04-24,Raincoat,Jacket,Polyester,66.6
2021-12-28,Oversized Hoodie,Sweatshirt,Cotton,357.0
2022-06-25,Basic T-shirt,T-shirt,Cotton,46.2
2022-11-04,Denim Jacket,Jacket,Denim,694.2
2020-07-09,Knitted Sweater,Sweater,Wool,492.0
2023-11-11,Running Shoes,Shoes,Synthetic,741.0
2021-09-15,Printed T-shirt,T-shirt,Organic Cotton,129.2
2021-03-01,Chino Pants,Pants,Cotton,202.1
2021-07-05,Oversized Hoodie,Sweatshirt,Cotton,42.0
2023-12-02,Tracksuit Pants,Pants,Polyester,535.5
2022-01-24,Tank Top,T-shirt,Cotton,118.8
2023-02-16,Slim Fit Jeans,Jeans,Denim,143.0
2021-08-31,Zip Hoodie,Sweatshirt,Cotton,157.5
2021-12-29,Shorts,Shorts,Denim,332.5
2021-04-20,Knitted Sweater,Sweater,Wool,432.0
2022-03-29,Denim Jacket,Jacket,Denim,483.6
2024-06-05,Running Shoes,Shoes,Synthetic,750.5
2021-11-06,Chino Pants,Pants,Cotton,159.8
2023-06-03,Chino Pants,Pants,Cotton,399.5
2020-03-03,Shorts,Shorts,Denim,182.0
2021-10-10,Raincoat,Jacket,Polyester,725.2
2021-05-23,Running Shoes,Shoes,Synthetic,237.5
2020-05-28,Denim Jacket,Jacket,Denim,585.0
2022-06-27,Slip-On Sneakers,Shoes,Canvas,535.8
2020-10-30,Shorts,Shorts,Denim,119.0
2022-07-29,Tracksuit Pants,Pants,Polyester,132.3
2020-10-10,Cargo Pants,Pants,Cotton,469.2
2022-06-21,Winter Coat,Jacket,Wool,408.0
2024-03-18,Knitted Sweater,Sweater,Wool,186.0
2020-08-25,Printed T-shirt,T-shirt,Organic Cotton,174.8
2023-10-27,Leather Boots,Shoes,Leather,99.0
2020-08-05,Chino Pants,Pants,Cotton,239.7
2021-10-20,Formal Shirt,Shirt,Cotton,50.7
2021-01-17,Slim Fit Jeans,Jeans,Denim,52.0
2024-07-15,Shorts,Shorts,Denim,10.5
2024-12-25,Printed T-shirt,T-shirt,Organic Cotton,167.2
2020-03-12,Formal Shirt,Shirt,Cotton,354.9
2022-12-18,Shorts,Shorts,Denim,199.5
2021-12-02,Running Shoes,Shoes,Synthetic,152.0
2023-06-09,Denim Jacket,Jacket,Denim,101.4
2021-03-30,Knitted Sweater,Sweater,Wool,180.0
2022-10-10,Tank Top,T-shirt,Cotton,88.2
2024-03-17,Denim Jacket,Jacket,Denim,234.0
2021-04-27,Leather Boots,Shoes,Leather,660.0
2023-01-25,Slip-On Sneakers,Shoes,Canvas,285.0
2021-03-09,Tank Top,T-shirt,Cotton,165.6
2021-06-12,Summer Dress,Dress,Linen,211.2
2023-04-30,Light Jacket,Jacket,Polyester,249.2
2020-06-10,Slim Fit Jeans,Jeans,Denim,13.0
2024-06-21,Basic T-shirt,T-shirt,Cotton,130.2
2021-10-16,Knitted Sweater,Sweater,Wool,450.0
2021-08-11,Printed T-shirt,T-shirt,Organic Cotton,98.8
2020-11-23,Cargo Pants,Pants,Cotton,20.4
2020-02-01,Knitted Sweater,Sweater,Wool,114.0
2024-11-29,Zip Hoodie,Sweatshirt,Cotton,36.0
2023-03-02,Knitted Sweater,Sweater,Wool,198.0
2020-09-23,Oversized Hoodie,Sweatshirt,Cotton,252.0
2023-08-28,Leather Boots,Shoes,Leather,22.0
2020-03-13,Zip Hoodie,Sweatshirt,Cotton,36.0
2022-12-11,Cargo Pants,Pants,Cotton,30.6
2021-07-14,Light Jacket,Jacket,Polyester,498.4
2020-07-05,Printed T-shirt,T-shirt,Organic Cotton,7.6
2022-10-20,Cargo Pants,Pants,Cotton,489.6
2021-07-25,Printed T-shirt,T-shirt,Organic Cotton,161.5
2022-07-05,Knitted Sweater,Sweater,Wool,258.0
2023-07-16,Running Shoes,Shoes,Synthetic,323.0
2023-08-07,Chino Pants,Pants,Cotton,150.4
2020-05-03,Slip-On Sneakers,Shoes,Canvas,433.2
2020-12-24,Winter Coat,Jacket,Wool,561.0
2023-05-24,Zip Hoodie,Sweatshirt,Cotton,369.0
2022-12-05,Slim Fit Jeans,Jeans,Denim,299.0
2023-01-25,Raincoat,Jacket,Polyester,510.6
2021-02-12,Zip Hoodie,Sweatshirt,Cotton,247.5
2023-09-18,Oversized Hoodie,Sweatshirt,Cotton,386.4
2021-07-01,Shorts,Shorts,Denim,325.5
2024-03-20,Oversized Hoodie,Sweatshirt,Cotton,138.6
2020-12-29,Light Jacket,Jacket,Polyester,178.0
2020-04-30,Printed T-shirt,T-shirt,Organic Cotton,104.5
2024-10-11,Slim Fit Jeans,Jeans,Denim,45.5
2023-07-28,Oversized Hoodie,Sweatshirt,Cotton,277.2
2022-08-18,Tracksuit Pants,Pants,Polyester,302.4
2020-07-22,Summer Dress,Dress,Linen,19.8
2020-09-16,Zip Hoodie,Sweatshirt,Cotton,22.5
2022-06-26,Cargo Pants,Pants,Cotton,260.1
2024-04-12,Tank Top,T-shirt,Cotton,7.2
2024-02-17,Tracksuit Pants,Pants,Polyester,220.5
2020-07-04,Running Shoes,Shoes,Synthetic,399.0
2020-06-24,Leather Boots,Shoes,Leather,55.0
2024-10-26,Knitted Sweater,Sweater,Wool,48.0
2024-02-09,Running Shoes,Shoes,Synthetic,389.5
2024-02-14,Cargo Pants,Pants,Cotton,173.4
2024-06-15,Knitted Sweater,Sweater,Wool,90.0
2024-10-18,Leather Boots,Shoes,Leather,143.0
2022-05-20,Chino Pants,Pants,Cotton,305.5
2023-02-15,Printed T-shirt,T-shirt,Organic Cotton,81.7
2021-11-24,Tracksuit Pants,Pants,Polyester,321.3
2023-04-11,Formal Shirt,Shirt,Cotton,54.6
2020-09-22,Tank Top,T-shirt,Cotton,122.4
2023-02-18,Slip-On Sneakers,Shoes,Canvas,513.0
2022-12-01,Zip Hoodie,Sweatshirt,Cotton,18.0
2024-08-30,Leather Boots,Shoes,Leather,1056.0
2020-11-17,Printed T-shirt,T-shirt,Organic Cotton,91.2
2022-03-08,Tracksuit Pants,Pants,Polyester,264.6
2020-07-18,Raincoat,Jacket,Polyester,333.0
2020-09-15,Slip-On Sneakers,Shoes,Canvas,51.3
2020-03-30,Leather Boots,Shoes,Leather,924.0
2022-12-28,Summer Dress,Dress,Linen,178.2
2021-09-02,Summer Dress,Dress,Linen,151.8
2021-07-12,Summer Dress,Dress,Linen,316.8
2024-03-12,Tracksuit Pants,Pants,Polyester,409.5
2020-01-18,Tracksuit Pants,Pants,Polyester,100.8
2020-10-31,Summer Dress,Dress,Linen,310.2
2021-10-28,Summer Dress,Dress,Linen,244.2
2020-05-20,Tank Top,T-shirt,Cotton,64.8
2022-09-09,Tank Top,T-shirt,Cotton,84.6
2024-02-27,Knitted Sweater,Sweater,Wool,66.0
2023-03-31,Slim Fit Jeans,Jeans,Denim,117.0
2020-04-09,Tracksuit Pants,Pants,Polyester,396.9
2023-03-24,Running Shoes,Shoes,Synthetic,304.0
2023-12-10,Slip-On Sneakers,Shoes,Canvas,547.2
2021-11-24,Winter Coat,Jacket,Wool,846.6
2022-01-28,Knitted Sweater,Sweater,Wool,240.0
2022-08-09,Shorts,Shorts,Denim,154.0
2022-12-25,Tracksuit Pants,Pants,Polyester,138.6
2020-02-29,Cargo Pants,Pants,Cotton,168.3
2023-11-08,Chino Pants,Pants,Cotton,343.1
2020-09-30,Light Jacket,Jacket,Polyester,213.6
2024-04-18,Raincoat,Jacket,Polyester,695.6
2023-06-23,Slim Fit Jeans,Jeans,Denim,84.5
2023-01-22,Running Shoes,Shoes,Synthetic,874.0
2020-08-07,Printed T-shirt,T-shirt,Organic Cotton,64.6
2020-05-16,Slip-On Sneakers,Shoes,Canvas,387.6
2023-08-05,Oversized Hoodie,Sweatshirt,Cotton,42.0
2024-06-14,Printed T-shirt,T-shirt,Organic Cotton,157.7
2024-09-12,Denim Jacket,Jacket,Denim,514.8
2024-10-31,Raincoat,Jacket,Polyester,22.2
2023-04-24,Winter Coat,Jacket,Wool,642.6
2023-12-25,Leather Boots,Shoes,Leather,319.0
2024-12-30,Printed T-shirt,T-shirt,Organic Cotton,146.3
2022-10-07,Chino Pants,Pants,Cotton,258.5
2022-07-15,Winter Coat,Jacket,Wool,714.0
2021-01-21,Formal Shirt,Shirt,Cotton,362.7
2020-05-28,Running Shoes,Shoes,Synthetic,503.5
2021-02-16,Basic T-shirt,T-shirt,Cotton,201.6
2022-12-25,Knitted Sweater,Sweater,Wool,396.0
2024-11-29,Formal Shirt,Shirt,Cotton,39.0
2022-04-06,Shorts,Shorts,Denim,231.0
2024-06-18,Slip-On Sneakers,Shoes,Canvas,427.5
2022-05-21,Slim Fit Jeans,Jeans,Denim,299.0
2024-10-09,Tank Top,T-shirt,Cotton,1.8
2021-01-23,Leather Boots,Shoes,Leather,990.0
2023-11-16,Basic T-shirt,T-shirt,Cotton,147.0
2020-09-02,Leather Boots,Shoes,Leather,726.0
2024-12-21,Summer Dress,Dress,Linen,330.0
2023-01-17,Slip-On Sneakers,Shoes,Canvas,404.7
2021-08-01,Tracksuit Pants,Pants,Polyester,333.9
2023-01-15,Tracksuit Pants,Pants,Polyester,333.9
2023-05-19,Slip-On Sneakers,Shoes,Canvas,228.0
2022-07-15,Leather Boots,Shoes,Leather,187.0
2022-11-02,Tank Top,T-shirt,Cotton,136.8
2020-10-14,Zip Hoodie,Sweatshirt,Cotton,445.5
2020-11-29,Running Shoes,Shoes,Synthetic,779.0
2020-01-20,Raincoat,Jacket,Polyester,703.0
2023-09-16,Slip-On Sneakers,Shoes,Canvas,28.5
2022-01-24,Raincoat,Jacket,Polyester,384.8
2021-07-30,Basic T-shirt,T-shirt,Cotton,25.2
2020-07-03,Basic T-shirt,T-shirt,Cotton,105.0
2021-07-04,Tank Top,T-shirt,Cotton,63.0
2024-06-18,Winter Coat,Jacket,Wool,836.4
2024-03-14,Formal Shirt,Shirt,Cotton,386.1
2021-11-20,Knitted Sweater,Sweater,Wool,354.0
2024-07-03,Light Jacket,Jacket,Polyester,551.8
2021-12-27,Cargo Pants,Pants,Cotton,275.4
2020-10-30,Basic T-shirt,T-shirt,Cotton,48.3
2024-07-25,Running Shoes,Shoes,Synthetic,456.0
2024-10-22,Cargo Pants,Pants,Cotton,387.6
2024-05-29,Leather Boots,Shoes,Leather,583.0
2021-06-12,Tracksuit Pants,Pants,Polyester,233.1
2024-02-23,Raincoat,Jacket,Polyester,658.6
2021-07-14,Raincoat,Jacket,Polyester,318.2
2024-05-10,Formal Shirt,Shirt,Cotton,109.2
2024-01-05,Formal Shirt,Shirt,Cotton,202.8
2024-01-06,Raincoat,Jacket,Polyester,88.8
2020-05-11,Cargo Pants,Pants,Cotton,137.7
2020-11-02,Chino Pants,Pants,Cotton,441.8
2020-02-23,Light Jacket,Jacket,Polyester,293.7
2020-11-14,Formal Shirt,Shirt,Cotton,390.0
2020-07-21,Knitted Sweater,Sweater,Wool,504.0
2024-01-21,Denim Jacket,Jacket,Denim,7.8
2020-07-01,Raincoat,Jacket,Polyester,584.6
2020-04-14,Zip Hoodie,Sweatshirt,Cotton,126.0
2022-12-30,Raincoat,Jacket,Polyester,333.0
2020-04-06,Light Jacket,Jacket,Polyester,845.5
2023-02-06,Raincoat,Jacket,Polyester,636.4
2024-02-26,Light Jacket,Jacket,Polyester,302.6
2023-11-02,Running Shoes,Shoes,Synthetic,218.5
2022-09-09,Slim Fit Jeans,Jeans,Denim,182.0
2023-10-18,Oversized Hoodie,Sweatshirt,Cotton,210.0
2020-09-10,Tank Top,T-shirt,Cotton,68.4
2023-10-28,Tracksuit Pants,Pants,Polyester,403.2
2022-03-16,Light Jacket,Jacket,Polyester,694.2
2024-10-14,Formal Shirt,Shirt,Cotton,54.6
2020-11-01,Knitted Sweater,Sweater,Wool,474.0
2023-12-09,Printed T-shirt,T-shirt,Organic Cotton,41.8
2022-12-02,Running Shoes,Shoes,Synthetic,513.0
2024-03-02,Zip Hoodie,Sweatshirt,Cotton,166.5
2024-11-14,Formal Shirt,Shirt,Cotton,319.8
2024-07-17,Zip Hoodie,Sweatshirt,Cotton,126.0
2024-06-03,Shorts,Shorts,Denim,154.0
2024-10-29,Formal Shirt,Shirt,Cotton,54.6
2020-01-18,Winter Coat,Jacket,Wool,928.2
2021-07-01,Slim Fit Jeans,Jeans,Denim,455.0
2023-07-04,Tank Top,T-shirt,Cotton,70.2
2024-04-05,Light Jacket,Jacket,Polyester,267.0
2022-11-06,Running Shoes,Shoes,Synthetic,332.5
2023-12-17,Chino Pants,Pants,Cotton,249.1
2020-10-30,Cargo Pants,Pants,Cotton,168.3
2021-02-03,Raincoat,Jacket,Polyester,532.8
2023-07-14,Shorts,Shorts,Denim,28.0
2022-12-27,Shorts,Shorts,Denim,231.0
2020-10-31,Raincoat,Jacket,Polyester,259.0
2021-07-27,Formal Shirt,Shirt,Cotton,351.0
2021-09-18,Running Shoes,Shoes,Synthetic,598.5
2021-03-15,Formal Shirt,Shirt,Cotton,187.2
2023-05-11,Formal Shirt,Shirt,Cotton,120.9
2021-11-24,Denim Jacket,Jacket,Denim,608.4
2024-04-03,Denim Jacket,Jacket,Denim,741.0
2024-12-07,Slip-On Sneakers,Shoes,Canvas,507.3
2022-07-12,Zip Hoodie,Sweatshirt,Cotton,90.0
2020-04-29,Tracksuit Pants,Pants,Polyester,264.6
2022-12-18,Cargo Pants,Pants,Cotton,423.3
2024-04-08,Printed T-shirt,T-shirt,Organic Cotton,77.9
2023-06-28,Formal Shirt,Shirt,Cotton,241.8
2021-11-06,Light Jacket,Jacket,Polyester,151.3
2024-12-22,Cargo Pants,Pants,Cotton,459.0
2021-06-09,Chino Pants,Pants,Cotton,56.4
2023-07-25,Zip Hoodie,Sweatshirt,Cotton,405.0
2020-04-12,Slip-On Sneakers,Shoes,Canvas,131.1
2023-11-03,Light Jacket,Jacket,Polyester,258.1
2023-02-27,Printed T-shirt,T-shirt,Organic Cotton,123.5
2023-03-08,Leather Boots,Shoes,Leather,605.0
2021-11-02,Basic T-shirt,T-shirt,Cotton,210.0
2020-02-11,Leather Boots,Shoes,Leather,869.0
2021-03-27,Oversized Hoodie,Sweatshirt,Cotton,403.2
2021-04-04,Running Shoes,Shoes,Synthetic,836.0
2023-07-05,Summer Dress,Dress,Linen,115.5
2023-05-16,Tracksuit Pants,Pants,Polyester,308.7
2020-02-17,Light Jacket,Jacket,Polyester,382.7
2021-12-11,Cargo Pants,Pants,Cotton,76.5
2021-05-28,Cargo Pants,Pants,Cotton,448.8
2023-03-21,Slim Fit Jeans,Jeans,Denim,292.5
2020-06-07,Oversized Hoodie,Sweatshirt,Cotton,390.6
2020-07-30,Leather Boots,Shoes,Leather,451.0
2021-05-24,Running Shoes,Shoes,Synthetic,646.0
2020-04-11,Winter Coat,Jacket,Wool,40.8
2020-06-09,Cargo Pants,Pants,Cotton,265.2
2022-01-31,Chino Pants,Pants,Cotton,61.1
2023-10-23,Summer Dress,Dress,Linen,118.8
2020-01-17,Tracksuit Pants,Pants,Polyester,264.6
2020-08-17,Winter Coat,Jacket,Wool,846.6
2024-01-23,Cargo Pants,Pants,Cotton,397.8
2024-11-17,Running Shoes,Shoes,Synthetic,494.0
2020-07-05,Slip-On Sneakers,Shoes,Canvas,456.0
2024-01-25,Tracksuit Pants,Pants,Polyester,384.3
2023-03-01,Raincoat,Jacket,Polyester,510.6
2022-03-17,Leather Boots,Shoes,Leather,319.0
2023-07-19,Leather Boots,Shoes,Leather,781.0
2020-09-29,Slim Fit Jeans,Jeans,Denim,500.5
2022-11-07,Light Jacket,Jacket,Polyester,204.7
2021-05-07,Printed T-shirt,T-shirt,Organic Cotton,106.4
2021-07-16,Zip Hoodie,Sweatshirt,Cotton,13.5
2021-05-27,Zip Hoodie,Sweatshirt,Cotton,157.5
2022-12-21,Running Shoes,Shoes,Synthetic,579.5
2020-09-15,Knitted Sweater,Sweater,Wool,546.0
2020-07-31,Winter Coat,Jacket,Wool,91.8
2023-09-02,Zip Hoodie,Sweatshirt,Cotton,211.5
2023-01-20,Zip Hoodie,Sweatshirt,Cotton,418.5
2022-11-05,Slip-On Sneakers,Shoes,Canvas,22.8
2023-06-21,Leather Boots,Shoes,Leather,638.0
2023-10-29,Cargo Pants,Pants,Cotton,102.0
2020-06-01,Slip-On Sneakers,Shoes,Canvas,108.3
2023-10-17,Printed T-shirt,T-shirt,Organic Cotton,117.8
2024-09-19,Summer Dress,Dress,Linen,155.1
2024-12-24,Leather Boots,Shoes,Leather,231.0
2020-11-14,Knitted Sweater,Sweater,Wool,342.0
2022-04-10,Light Jacket,Jacket,Polyester,685.3
2020-10-24,Running Shoes,Shoes,Synthetic,361.0
2023-09-27,Shorts,Shorts,Denim,7.0
2023-01-05,Basic T-shirt,T-shirt,Cotton,174.3
2020-09-28,Knitted Sweater,Sweater,Wool,576.0
2023-02-24,Light Jacket,Jacket,Polyester,525.1
2020-03-03,Raincoat,Jacket,Polyester,569.8
2023-10-23,Raincoat,Jacket,Polyester,266.4
2022-01-28,Raincoat,Jacket,Polyester,384.8
2023-05-25,Tank Top,T-shirt,Cotton,12.6
2020-07-22,Formal Shirt,Shirt,Cotton,390.0
2020-03-17,Basic T-shirt,T-shirt,Cotton,12.6
2024-08-30,Light Jacket,Jacket,Polyester,676.4
2020-10-12,Tracksuit Pants,Pants,Polyester,415.8
2024-04-12,Winter Coat,Jacket,Wool,724.2
2021-07-08,Slip-On Sneakers,Shoes,Canvas,478.8
2021-12-30,Formal Shirt,Shirt,Cotton,351.0
2021-05-17,Shorts,Shorts,Denim,108.5
2020-08-04,Zip Hoodie,Sweatshirt,Cotton,207.0
2024-11-20,Denim Jacket,Jacket,Denim,117.0
2024-05-09,Slim Fit Jeans,Jeans,Denim,591.5
2021-10-04,Raincoat,Jacket,Polyester,695.6
2021-12-10,Running Shoes,Shoes,Synthetic,807.5
2023-07-05,Slim Fit Jeans,Jeans,Denim,513.5
2022-06-09,Raincoat,Jacket,Polyester,362.6
2022-01-04,Leather Boots,Shoes,Leather,1067.0
2024-07-29,Summer Dress,Dress,Linen,188.1
2024-06-22,Chino Pants,Pants,Cotton,385.4
2023-06-02,Tracksuit Pants,Pants,Polyester,119.7
2020-04-24,Summer Dress,Dress,Linen,287.1
2020-08-20,Tracksuit Pants,Pants,Polyester,144.9
2023-01-17,Formal Shirt,Shirt,Cotton,171.6
2024-03-31,Light Jacket,Jacket,Polyester,667.5
2020-02-14,Formal Shirt,Shirt,Cotton,105.3
2022-02-23,Denim Jacket,Jacket,Denim,397.8
2024-01-07,Chino Pants,Pants,Cotton,61.1
2021-05-23,Summer Dress,Dress,Linen,141.9
2023-09-06,Chino Pants,Pants,Cotton,408.9
2022-08-02,Formal Shirt,Shirt,Cotton,187.2
2022-10-05,Printed T-shirt,T-shirt,Organic Cotton,106.4
2022-06-21,Knitted Sweater,Sweater,Wool,420.0
2020-09-03,Slip-On Sneakers,Shoes,Canvas,359.1
2021-06-29,Cargo Pants,Pants,Cotton,102.0
2020-01-25,Knitted Sweater,Sweater,Wool,324.0
2020-08-11,Basic T-shirt,T-shirt,Cotton,176.4
2020-06-01,Denim Jacket,Jacket,Denim,460.2
2024-04-17,Knitted Sweater,Sweater,Wool,516.0
2022-10-25,Leather Boots,Shoes,Leather,220.0
2020-11-11,Tracksuit Pants,Pants,Polyester,88.2
2021-06-05,Basic T-shirt,T-shirt,Cotton,126.0
2022-03-23,Chino Pants,Pants,Cotton,324.3
2023-11-25,Knitted Sweater,Sweater,Wool,6.0
2023-01-19,Chino Pants,Pants,Cotton,258.5
2020-11-21,Denim Jacket,Jacket,Denim,343.2
2023-09-18,Chino Pants,Pants,Cotton,47.0
2024-05-06,Zip Hoodie,Sweatshirt,Cotton,324.0
2020-11-25,Denim Jacket,Jacket,Denim,382.2
2023-04-13,Basic T-shirt,T-shirt,Cotton,138.6
2021-03-20,Raincoat,Jacket,Polyester,229.4
2024-06-14,Slim Fit Jeans,Jeans,Denim,435.5
2024-01-24,Printed T-shirt,T-shirt,Organic Cotton,171.0
2022-10-29,Shorts,Shorts,Denim,294.0
2023-01-04,Oversized Hoodie,Sweatshirt,Cotton,134.4
2022-03-26,Tank Top,T-shirt,Cotton,28.8
2023-03-07,Slim Fit Jeans,Jeans,Denim,325.0
2020-07-02,Zip Hoodie,Sweatshirt,Cotton,58.5
2023-08-06,Formal Shirt,Shirt,Cotton,23.4
2022-11-27,Chino Pants,Pants,Cotton,470.0
2020-01-25,Basic T-shirt,T-shirt,Cotton,84.0
2022-08-13,Running Shoes,Shoes,Synthetic,883.5
2022-05-01,Denim Jacket,Jacket,Denim,600.6
2020-09-29,Zip Hoodie,Sweatshirt,Cotton,409.5
2024-08-20,Summer Dress,Dress,Linen,326.7
2022-12-31,Tank Top,T-shirt,Cotton,117.0
2024-07-02,Raincoat,Jacket,Polyester,525.4
2020-12-09,Knitted Sweater,Sweater,Wool,540.0
2022-03-07,Printed T-shirt,T-shirt,Organic Cotton,121.6
2024-07-31,Running Shoes,Shoes,Synthetic,446.5
2020-11-06,Running Shoes,Shoes,Synthetic,693.5
2021-07-26,Denim Jacket,Jacket,Denim,780.0
2024-01-16,Shorts,Shorts,Denim,38.5
2024-02-06,Winter Coat,Jacket,Wool,448.8
2020-10-19,Running Shoes,Shoes,Synthetic,313.5
2021-05-31,Winter Coat,Jacket,Wool,510.0
2021-07-25,Slip-On Sneakers,Shoes,Canvas,342.0
2020-01-28,Cargo Pants,Pants,Cotton,86.7
2021-06-01,Chino Pants,Pants,Cotton,122.2
2020-05-24,Slip-On Sneakers,Shoes,Canvas,393.3
2023-06-20,Printed T-shirt,T-shirt,Organic Cotton,133.0
2022-05-29,Chino Pants,Pants,Cotton,347.8
2020-10-12,Zip Hoodie,Sweatshirt,Cotton,265.5
2022-03-12,Printed T-shirt,T-shirt,Organic Cotton,20.9
2023-07-04,Oversized Hoodie,Sweatshirt,Cotton,84.0
2024-05-29,Slim Fit Jeans,Jeans,Denim,26.0
2024-03-08,Knitted Sweater,Sweater,Wool,294.0
2022-05-04,Cargo Pants,Pants,Cotton,387.6
2023-05-07,Cargo Pants,Pants,Cotton,443.7
2023-01-07,Zip Hoodie,Sweatshirt,Cotton,45.0
2021-05-09,Knitted Sweater,Sweater,Wool,108.0
2021-08-08,Printed T-shirt,T-shirt,Organic Cotton,161.5
2024-01-12,Knitted Sweater,Sweater,Wool,276.0
2024-03-14,Denim Jacket,Jacket,Denim,226.2
2021-09-01,Cargo Pants,Pants,Cotton,229.5
2022-10-04,Zip Hoodie,Sweatshirt,Cotton,171.0
2020-06-30,Tracksuit Pants,Pants,Polyester,245.7
2021-03-03,Tank Top,T-shirt,Cotton,5.4
2021-08-17,Shorts,Shorts,Denim,266.0
2020-07-30,Shorts,Shorts,Denim,168.0
2024-03-25,Tank Top,T-shirt,Cotton,59.4
2023-06-20,Slim Fit Jeans,Jeans,Denim,45.5
2024-08-23,Summer Dress,Dress,Linen,69.3
2024-07-21,Cargo Pants,Pants,Cotton,413.1
2024-08-10,Light Jacket,Jacket,Polyester,133.5
2024-10-14,Raincoat,Jacket,Polyester,606.8
2023-04-16,Chino Pants,Pants,Cotton,451.2
2021-03-01,Tracksuit Pants,Pants,Polyester,409.5
2022-03-23,Light Jacket,Jacket,Polyester,809.9
2021-03-10,Knitted Sweater,Sweater,Wool,510.0
2022-11-25,Cargo Pants,Pants,Cotton,469.2
2023-03-30,Running Shoes,Shoes,Synthetic,883.5
2020-01-08,Light Jacket,Jacket,Polyester,231.4
2024-04-12,Slip-On Sneakers,Shoes,Canvas,279.3
2023-09-19,Formal Shirt,Shirt,Cotton,273.0
2023-06-10,Chino Pants,Pants,Cotton,164.5
2020-03-18,Denim Jacket,Jacket,Denim,670.8
2023-10-05,Zip Hoodie,Sweatshirt,Cotton,292.5
2021-04-22,Raincoat,Jacket,Polyester,266.4
2024-04-23,Raincoat,Jacket,Polyester,384.8
2021-07-11,Formal Shirt,Shirt,Cotton,50.7
2023-10-02,Cargo Pants,Pants,Cotton,122.4
2023-02-19,Basic T-shirt,T-shirt,Cotton,123.9
2024-03-23,Slim Fit Jeans,Jeans,Denim,409.5
2021-03-14,Knitted Sweater,Sweater,Wool,564.0
2023-01-08,Summer Dress,Dress,Linen,105.6
2020-07-11,Oversized Hoodie,Sweatshirt,Cotton,365.4
2024-03-08,Slim Fit Jeans,Jeans,Denim,357.5
2024-09-03,Tank Top,T-shirt,Cotton,45.0
2020-12-20,Shorts,Shorts,Denim,227.5
2021-01-24,Tracksuit Pants,Pants,Polyester,315.0
2022-12-04,Winter Coat,Jacket,Wool,265.2
2021-04-21,Winter Coat,Jacket,Wool,867.0
2024-12-02,Slip-On Sneakers,Shoes,Canvas,552.9
2024-05-10,Oversized Hoodie,Sweatshirt,Cotton,184.8
2020-04-16,Tank Top,T-shirt,Cotton,10.8
2024-09-04,Shorts,Shorts,Denim,80.5
2024-12-30,Cargo Pants,Pants,Cotton,188.7
2022-08-18,Slim Fit Jeans,Jeans,Denim,487.5
2022-10-23,Oversized Hoodie,Sweatshirt,Cotton,306.6
2022-03-22,Oversized Hoodie,Sweatshirt,Cotton,218.4
2024-06-19,Tracksuit Pants,Pants,Polyester,466.2
2023-08-16,Leather Boots,Shoes,Leather,561.0
2021-07-02,Winter Coat,Jacket,Wool,622.2
2020-04-10,Zip Hoodie,Sweatshirt,Cotton,279.0
2020-02-05,Raincoat,Jacket,Polyester,288.6
2023-04-20,Summer Dress,Dress,Linen,66.0
2023-05-05,Slip-On Sneakers,Shoes,Canvas,410.4
2024-10-08,Running Shoes,Shoes,Synthetic,85.5
2024-11-06,Shorts,Shorts,Denim,350.0
2022-01-09,Raincoat,Jacket,Polyester,377.4
2022-11-30,Basic T-shirt,T-shirt,Cotton,155.4
2023-04-06,Light Jacket,Jacket,Polyester,44.5
2023-03-21,Tracksuit Pants,Pants,Polyester,12.6
2020-07-25,Summer Dress,Dress,Linen,145.2
2022-01-24,Zip Hoodie,Sweatshirt,Cotton,22.5
2023-07-29,Winter Coat,Jacket,Wool,765.0
2020-05-31,Formal Shirt,Shirt,Cotton,319.8
2020-06-20,Zip Hoodie,Sweatshirt,Cotton,261.0
2021-11-16,Tracksuit Pants,Pants,Polyester,441.0
2020-01-07,Denim Jacket,Jacket,Denim,327.6
2022-01-09,Printed T-shirt,T-shirt,Organic Cotton,36.1
2023-04-03,Cargo Pants,Pants,Cotton,387.6
2020-08-08,Knitted Sweater,Sweater,Wool,246.0
2024-11-10,Tracksuit Pants,Pants,Polyester,340.2
2024-08-09,Winter Coat,Jacket,Wool,448.8
2024-10-10,Running Shoes,Shoes,Synthetic,741.0
2022-01-24,Slim Fit Jeans,Jeans,Denim,598.0
2020-05-09,Chino Pants,Pants,Cotton,159.8
2024-03-25,Knitted Sweater,Sweater,Wool,426.0
2021-08-04,Slip-On Sneakers,Shoes,Canvas,456.0
2020-06-19,Oversized Hoodie,Sweatshirt,Cotton,382.2
2020-12-14,Running Shoes,Shoes,Synthetic,503.5
2020-06-19,Cargo Pants,Pants,Cotton,188.7
2023-02-02,Running Shoes,Shoes,Synthetic,294.5
2021-03-07,Light Jacket,Jacket,Polyester,320.4
2024-01-18,Formal Shirt,Shirt,Cotton,27.3
2024-02-19,Tracksuit Pants,Pants,Polyester,245.7
2024-05-31,Printed T-shirt,T-shirt,Organic Cotton,133.0
2020-06-02,Zip Hoodie,Sweatshirt,Cotton,184.5
2021-11-26,Leather Boots,Shoes,Leather,737.0
2020-09-29,Slim Fit Jeans,Jeans,Denim,370.5
2024-07-25,Winter Coat,Jacket,Wool,979.2
2020-03-17,Basic T-shirt,T-shirt,Cotton,86.1
2022-05-05,Denim Jacket,Jacket,Denim,561.6
2020-03-24,Slip-On Sneakers,Shoes,Canvas,513.0
2023-09-21,Tracksuit Pants,Pants,Polyester,346.5
2021-01-12,Printed T-shirt,T-shirt,Organic Cotton,57.0
2020-08-23,Slip-On Sneakers,Shoes,Canvas,96.9
2023-04-16,Tracksuit Pants,Pants,Polyester,100.8
2024-01-17,Running Shoes,Shoes,Synthetic,560.5
2021-02-06,Slim Fit Jeans,Jeans,Denim,305.5
2022-07-23,Summer Dress,Dress,Linen,260.7
2024-01-21,Winter Coat,Jacket,Wool,295.8
2023-07-25,Basic T-shirt,T-shirt,Cotton,4.2
2022-09-27,Slim Fit Jeans,Jeans,Denim,143.0
2021-06-02,Zip Hoodie,Sweatshirt,Cotton,27.0
2020-01-19,Chino Pants,Pants,Cotton,460.6
2024-12-22,Oversized Hoodie,Sweatshirt,Cotton,285.6
2024-07-31,Denim Jacket,Jacket,Denim,39.0
2022-12-17,Printed T-shirt,T-shirt,Organic Cotton,51.3
2022-06-26,Leather Boots,Shoes,Leather,352.0
2022-10-01,Tracksuit Pants,Pants,Polyester,302.4
2021-10-27,Knitted Sweater,Sweater,Wool,504.0
2020-05-30,Printed T-shirt,T-shirt,Organic Cotton,146.3
2021-01-06,Printed T-shirt,T-shirt,Organic Cotton,167.2
2023-06-30,Leather Boots,Shoes,Leather,825.0
2022-05-22,Shorts,Shorts,Denim,213.5
2022-01-14,Basic T-shirt,T-shirt,Cotton,132.3
2020-02-12,Light Jacket,Jacket,Polyester,756.5
2023-07-05,Slip-On Sneakers,Shoes,Canvas,490.2
2023-06-23,Raincoat,Jacket,Polyester,673.4
2023-04-07,Summer Dress,Dress,Linen,145.2
2020-05-31,Raincoat,Jacket,Polyester,185.0
2023-12-07,Tracksuit Pants,Pants,Polyester,403.2
2024-09-20,Shorts,Shorts,Denim,255.5
2023-09-14,Zip Hoodie,Sweatshirt,Cotton,292.5
2024-10-17,Formal Shirt,Shirt,Cotton,300.3
2023-10-25,Slip-On Sneakers,Shoes,Canvas,564.3
2022-07-10,Shorts,Shorts,Denim,213.5
2020-12-04,Running Shoes,Shoes,Synthetic,826.5
2024-08-05,Tracksuit Pants,Pants,Polyester,245.7
2023-02-27,Knitted Sweater,Sweater,Wool,468.0
2023-01-10,Running Shoes,Shoes,Synthetic,313.5
2021-09-27,Basic T-shirt,T-shirt,Cotton,163.8
2024-03-31,Slim Fit Jeans,Jeans,Denim,383.5
2022-07-26,Winter Coat,Jacket,Wool,306.0
2022-11-06,Tank Top,T-shirt,Cotton,48.6
2023-12-03,Formal Shirt,Shirt,Cotton,167.7
2023-11-26,Cargo Pants,Pants,Cotton,255.0
2024-11-01,Raincoat,Jacket,Polyester,51.8
2023-08-07,Light Jacket,Jacket,Polyester,409.4
2024-11-19,Basic T-shirt,T-shirt,Cotton,69.3
2024-03-18,Zip Hoodie,Sweatshirt,Cotton,427.5
2020-04-20,Leather Boots,Shoes,Leather,539.0
2020-01-31,Summer Dress,Dress,Linen,145.2
2021-09-24,Slip-On Sneakers,Shoes,Canvas,39.9
2021-03-03,Oversized Hoodie,Sweatshirt,Cotton,180.6
2020-09-02,Oversized Hoodie,Sweatshirt,Cotton,71.4
2024-05-18,Leather Boots,Shoes,Leather,583.0
2023-05-29,Summer Dress,Dress,Linen,99.0
2020-02-25,Denim Jacket,Jacket,Denim,756.6
2024-04-18,Tracksuit Pants,Pants,Polyester,604.8
2023-03-21,Winter Coat,Jacket,Wool,397.8
2021-08-24,Knitted Sweater,Sweater,Wool,324.0
2022-12-14,Tank Top,T-shirt,Cotton,18.0
2021-02-11,Raincoat,Jacket,Polyester,222.0
2023-05-29,Slim Fit Jeans,Jeans,Denim,520.0
2021-05-08,Chino Pants,Pants,Cotton,150.4
2023-12-31,Knitted Sweater,Sweater,Wool,294.0
2021-03-06,Shorts,Shorts,Denim,70.0
2024-01-14,Leather Boots,Shoes,Leather,1056.0
2024-01-12,Winter Coat,Jacket,Wool,10.2
2023-12-30,Leather Boots,Shoes,Leather,627.0
2022-10-16,Denim Jacket,Jacket,Denim,678.6
2020-10-26,Basic T-shirt,T-shirt,Cotton,100.8
2022-06-13,Zip Hoodie,Sweatshirt,Cotton,198.0
2024-11-25,Tracksuit Pants,Pants,Polyester,396.9
2021-10-12,Shorts,Shorts,Denim,52.5
2023-04-10,Leather Boots,Shoes,Leather,781.0
2023-09-19,Running Shoes,Shoes,Synthetic,522.5
2020-01-24,Leather Boots,Shoes,Leather,1067.0
2020-06-26,Formal Shirt,Shirt,Cotton,58.5
2022-10-23,Chino Pants,Pants,Cotton,366.6
2024-03-11,Running Shoes,Shoes,Synthetic,532.0
2022-02-02,Chino Pants,Pants,Cotton,32.9
2020-07-28,Shorts,Shorts,Denim,231.0
2022-11-19,Tracksuit Pants,Pants,Polyester,132.3
2020-09-22,Leather Boots,Shoes,Leather,77.0
2024-12-16,Oversized Hoodie,Sweatshirt,Cotton,117.6
2020-01-07,Slim Fit Jeans,Jeans,Denim,357.5
2024-02-07,Basic T-shirt,T-shirt,Cotton,18.9
2020-04-22,Basic T-shirt,T-shirt,Cotton,10.5
2023-01-06,Summer Dress,Dress,Linen,141.9
2024-05-26,Basic T-shirt,T-shirt,Cotton,165.9
2020-01-19,Zip Hoodie,Sweatshirt,Cotton,126.0
2022-08-18,Printed T-shirt,T-shirt,Organic Cotton,66.5
2021-08-27,Slip-On Sneakers,Shoes,Canvas,404.7
2022-12-04,Running Shoes,Shoes,Synthetic,285.0
2021-01-09,Printed T-shirt,T-shirt,Organic Cotton,96.9
2024-12-21,Slim Fit Jeans,Jeans,Denim,201.5
2023-02-11,Tank Top,T-shirt,Cotton,9.0
2021-11-09,Summer Dress,Dress,Linen,174.9
2020-09-02,Basic T-shirt,T-shirt,Cotton,153.3
2021-01-13,Tracksuit Pants,Pants,Polyester,516.6
2020-07-10,Denim Jacket,Jacket,Denim,218.4
2021-04-05,Denim Jacket,Jacket,Denim,304.2
2024-07-08,Light Jacket,Jacket,Polyester,71.2
2024-06-15,Summer Dress,Dress,Linen,306.9
2020-10-26,Oversized Hoodie,Sweatshirt,Cotton,239.4
2020-11-03,Chino Pants,Pants,Cotton,28.2
2024-03-11,Leather Boots,Shoes,Leather,495.0
2020-04-29,Slip-On Sneakers,Shoes,Canvas,68.4
2022-06-25,Printed T-shirt,T-shirt,Organic Cotton,57.0
2023-09-23,Denim Jacket,Jacket,Denim,124.8
2020-04-27,Printed T-shirt,T-shirt,Organic Cotton,13.3
2024-03-08,Light Jacket,Jacket,Polyester,106.8
2024-05-29,Chino Pants,Pants,Cotton,173.9
2024-01-02,Running Shoes,Shoes,Synthetic,646.0
2022-05-15,Chino Pants,Pants,Cotton,437.1
2020-03-07,Running Shoes,Shoes,Synthetic,931.0
2021-02-02,Summer Dress,Dress,Linen,148.5
2022-01-01,Tank Top,T-shirt,Cotton,176.4
2024-11-25,Shorts,Shorts,Denim,171.5
2024-11-05,Knitted Sweater,Sweater,Wool,72.0
2022-05-22,Chino Pants,Pants,Cotton,296.1
2024-12-01,Summer Dress,Dress,Linen,75.9
2023-05-23,Light Jacket,Jacket,Polyester,275.9
2020-05-28,Raincoat,Jacket,Polyester,266.4
2022-12-26,Leather Boots,Shoes,Leather,473.0
2024-03-25,Winter Coat,Jacket,Wool,540.6
2022-07-23,Winter Coat,Jacket,Wool,469.2
2021-10-08,Knitted Sweater,Sweater,Wool,366.0
2022-11-13,Basic T-shirt,T-shirt,Cotton,100.8
2020-09-17,Leather Boots,Shoes,Leather,242.0
2021-09-10,Slip-On Sneakers,Shoes,Canvas,96.9
2024-11-20,Zip Hoodie,Sweatshirt,Cotton,414.0
2024-01-28,Cargo Pants,Pants,Cotton,112.2
2022-07-26,Cargo Pants,Pants,Cotton,91.8
2020-11-25,Oversized Hoodie,Sweatshirt,Cotton,331.8
2021-06-03,Chino Pants,Pants,Cotton,216.2
2023-08-14,Summer Dress,Dress,Linen,72.6
2021-07-21,Formal Shirt,Shirt,Cotton,156.0
2020-06-07,Raincoat,Jacket,Polyester,148.0
2023-01-31,Winter Coat,Jacket,Wool,591.6
2020-08-08,Cargo Pants,Pants,Cotton,448.8
2021-10-08,Oversized Hoodie,Sweatshirt,Cotton,369.6
2021-01-17,Formal Shirt,Shirt,Cotton,269.1
2020-03-12,Slim Fit Jeans,Jeans,Denim,604.5
2021-01-27,Winter Coat,Jacket,Wool,969.0
2022-01-19,Tracksuit Pants,Pants,Polyester,289.8
2024-10-23,Tracksuit Pants,Pants,Polyester,510.3
2024-07-17,Winter Coat,Jacket,Wool,448.8
2023-09-01,Light Jacket,Jacket,Polyester,213.6
2022-02-07,Slim Fit Jeans,Jeans,Denim,227.5
2024-12-17,Shorts,Shorts,Denim,322.0
2024-06-23,Printed T-shirt,T-shirt,Organic Cotton,15.2
2021-05-20,Leather Boots,Shoes,Leather,462.0
2023-02-27,Knitted Sweater,Sweater,Wool,192.0
2022-01-06,Slim Fit Jeans,Jeans,Denim,195.0
2021-08-18,Slip-On Sneakers,Shoes,Canvas,5.7
2021-02-04,Light Jacket,Jacket,Polyester,160.2
2021-04-01,Winter Coat,Jacket,Wool,663.0
2024-12-28,Running Shoes,Shoes,Synthetic,180.5
2020-11-28,Chino Pants,Pants,Cotton,47.0
2021-09-29,Slip-On Sneakers,Shoes,Canvas,376.2
2022-11-08,Zip Hoodie,Sweatshirt,Cotton,346.5
2024-11-03,Zip Hoodie,Sweatshirt,Cotton,252.0
2024-11-01,Tank Top,T-shirt,Cotton,135.0
2022-11-14,Formal Shirt,Shirt,Cotton,93.6
2022-11-15,Winter Coat,Jacket,Wool,265.2
2022-06-05,Oversized Hoodie,Sweatshirt,Cotton,151.2
2021-02-24,Chino Pants,Pants,Cotton,460.6
2020-10-18,Cargo Pants,Pants,Cotton,504.9
2021-03-02,Basic T-shirt,T-shirt,Cotton,44.1
2022-09-21,Winter Coat,Jacket,Wool,244.8
2020-04-10,Winter Coat,Jacket,Wool,112.2
2023-06-02,Chino Pants,Pants,Cotton,408.9
2023-11-26,Printed T-shirt,T-shirt,Organic Cotton,22.8
2022-06-22,Printed T-shirt,T-shirt,Organic Cotton,148.2
2021-12-02,Denim Jacket,Jacket,Denim,577.2
2023-11-16,Basic T-shirt,T-shirt,Cotton,58.8
2021-10-09,Formal Shirt,Shirt,Cotton,276.9
2020-03-15,Slim Fit Jeans,Jeans,Denim,305.5
2022-10-20,Zip Hoodie,Sweatshirt,Cotton,202.5
2020-10-04,Formal Shirt,Shirt,Cotton,35.1
2022-11-12,Summer Dress,Dress,Linen,283.8
2024-02-27,Slip-On Sneakers,Shoes,Canvas,490.2
2021-09-30,Shorts,Shorts,Denim,143.5
2024-12-28,Slip-On Sneakers,Shoes,Canvas,68.4
2022-09-11,Summer Dress,Dress,Linen,178.2
2024-10-08,Oversized Hoodie,Sweatshirt,Cotton,142.8
2020-05-08,Summer Dress,Dress,Linen,9.9
2021-01-04,Summer Dress,Dress,Linen,95.7
2021-10-03,Running Shoes,Shoes,Synthetic,313.5
2024-11-15,Leather Boots,Shoes,Leather,693.0
2022-05-01,Basic T-shirt,T-shirt,Cotton,79.8
2020-11-28,Leather Boots,Shoes,Leather,77.0
2020-08-25,Raincoat,Jacket,Polyester,414.4
2023-06-09,Printed T-shirt,T-shirt,Organic Cotton,68.4
2021-12-31,Slip-On Sneakers,Shoes,Canvas,364.8
2023-03-25,Leather Boots,Shoes,Leather,858.0
2021-06-08,Denim Jacket,Jacket,Denim,327.6
2020-10-19,Winter Coat,Jacket,Wool,132.6
2022-03-24,Winter Coat,Jacket,Wool,683.4
2024-03-04,Slip-On Sneakers,Shoes,Canvas,513.0
2024-11-24,Printed T-shirt,T-shirt,Organic Cotton,96.9
2022-07-09,Cargo Pants,Pants,Cotton,316.2
2023-11-30,Chino Pants,Pants,Cotton,23.5
2024-02-04,Chino Pants,Pants,Cotton,51.7
2024-02-26,Oversized Hoodie,Sweatshirt,Cotton,21.0
2022-11-29,Tracksuit Pants,Pants,Polyester,384.3
2023-03-13,Formal Shirt,Shirt,Cotton,351.0
2021-11-01,Tracksuit Pants,Pants,Polyester,138.6
2023-02-27,Formal Shirt,Shirt,Cotton,198.9
2020-01-28,Knitted Sweater,Sweater,Wool,426.0
2024-01-23,Zip Hoodie,Sweatshirt,Cotton,427.5
2022-07-11,Denim Jacket,Jacket,Denim,592.8
2023-04-20,Winter Coat,Jacket,Wool,71.4
2024-09-17,Winter Coat,Jacket,Wool,469.2
2022-06-15,Chino Pants,Pants,Cotton,418.3
2023-08-13,Zip Hoodie,Sweatshirt,Cotton,175.5
2024-10-09,Oversized Hoodie,Sweatshirt,Cotton,239.4
2024-04-01,Winter Coat,Jacket,Wool,255.0
2020-11-26,Cargo Pants,Pants,Cotton,290.7
2024-09-01,Slim Fit Jeans,Jeans,Denim,305.5
2023-03-07,Summer Dress,Dress,Linen,75.9
2023-03-10,Formal Shirt,Shirt,Cotton,241.8
2020-01-18,Slip-On Sneakers,Shoes,Canvas,171.0
2024-12-16,Shorts,Shorts,Denim,28.0
2022-06-28,Denim Jacket,Jacket,Denim,514.8
2021-03-02,Knitted Sweater,Sweater,Wool,360.0
2020-09-09,Summer Dress,Dress,Linen,112.2
2020-10-10,Denim Jacket,Jacket,Denim,335.4
2020-09-26,Denim Jacket,Jacket,Denim,741.0
2023-06-18,Tracksuit Pants,Pants,Polyester,252.0
2021-04-24,Zip Hoodie,Sweatshirt,Cotton,409.5
2022-05-25,Tank Top,T-shirt,Cotton,106.2
2022-11-11,Zip Hoodie,Sweatshirt,Cotton,180.0
2020-12-13,Tracksuit Pants,Pants,Polyester,497.7
2022-11-04,Leather Boots,Shoes,Leather,836.0
2024-09-21,Printed T-shirt,T-shirt,Organic Cotton,70.3
2023-10-11,Cargo Pants,Pants,Cotton,448.8
2020-01-14,Summer Dress,Dress,Linen,52.8
2022-05-21,Knitted Sweater,Sweater,Wool,552.0
2023-09-02,Tracksuit Pants,Pants,Polyester,598.5
2021-01-01,Shorts,Shorts,Denim,199.5
2022-07-09,Zip Hoodie,Sweatshirt,Cotton,256.5
